__label__negative, 上 を 向い て 歩い て も 何 も 変わら ない 
__label__negative, 目的地 に 着く 前 に 溜め息 を つい た 嘘 も つい た なら そこ が 目的地 だ 
__label__negative, 所詮 この世 は 能力 が ある 奴 が 生き残る 能力 が ある から 友 が 出来 能力 が ある から 努力 が 出来 能力 が ある から 何 でも 出来る じゃあ 俺 は 何 だ 何 が 出来る 
__label__negative, なんで 生き て いる ん だろ う か 生き て 何 を し たい の だろ う か 生き て い て 何 か ある だろ う か 生きる という こと へ の 意味 を 感じ られ ない 
__label__negative, 自分 が 傷つか ない 番 の 方法 は 他人 を 信用 し ない こと 
__label__negative, 信頼 できる 人 が 人 で も いれ ば いい 信じ られる 親友 が 人 でも いる なら 他 は いら ない って その 信じ てる 人 は 本当に 信じ れる 人 な の 結局 信じ られる の は 自分 だけ でも 自分 も 自分 を 騙し て 生き てる から もう 何 も 信じ られ ない 
__label__negative, 私 を 蹴 落とし て 貴方 が 手 に 入れ た 友情 は 美味しい です か 
__label__negative, みんな 俺 の こと 嫌わ れ 者 とか いじめ られ て て 可哀そう とか 言っ てる けど 俺 を そうした の は 誰 だ よ 
__label__negative, 負け ない 事 投げ出さ ない 事 挫け ない 事 信じ ぬく 事 これら を 守っ て い たら 何 も 報わ れ ず 無気力 に なり まし たどう し て くれる ん です か 
__label__negative, 死 の 間際 笑顔 で い られ たら それ は きっと 意味 の ある人生 だっ た ん だ 
__label__negative, ぼっち は 怖く ない 周り の 目 が 怖い ん だ よ 
__label__negative, 生き て いれ ば 必ず 良い こと が ある もう 待ちくたびれ た よ 
__label__negative, 上 を 向い たら 蹴躓く 下 を 向い たら 前 が 見え ない でも ね 前 を 向い たら 現実 に ぶつかる ん だ よ 
__label__negative, 不幸 じゃ ない から と いっ て 幸福 な わけ で も ない 
__label__negative, こんな 世界 守る 価値 も ない し 壊す 価値 も ない か と いっ て 利用 する 価値 も 無い 役立た ず の ゴミ箱 よ 
__label__negative, もう さぁ いっそ の こと 誰 でも いい から 俺 に 思いっきり 面 と 向かっ て 言っ て 欲しい よ お前 は 何 を やっ て も 駄目 な 存在 価値 の ない ゴミ な ん だ から 大人しく 高速道路 の 下 に でも 寝そべっ てろ よ って なん で みんな 中途半端 に 希望 を 持た せる よう な こと ばかり 言う の か な 俺 は まだ やれる ん だ と 勘違い し ちゃう よ 
__label__negative, 夢 は 叶わ ない から 夢 な ん だ よ 
__label__negative, 成功 し た 人 の 言葉 だけ しか 世の中 に は 回ら ない から 自分 も できる ん だ と 錯覚 し て しまう の だ 失敗 し た 人 の 言葉 は 掻き 消さ れる から ね 
__label__negative, 成功 する まで 努力 し なけれ ば それ は まだ 努力 と は 言え ない そして 努力 し 続け て 報わ れ ず に 一生 を 無駄 に し まし た と さ おしまい 
__label__negative, 信じていれば 強く 願っ て いれ ば 努力 し て いれ ば 夢 は 叶う とかいう の は 激 レア な たまたま 成功 し た 人 が 発言 でき て いる だけ で 信じ て も 願っ て も 努力 し て も 叶わ ない の 人 は 何 も 言え ず に 死ん でる だけ だ から ね 基本的 に 叶わ ない から 気 を 付け て ね 
__label__negative, ダメ な やつ が まとも に なる と えらく 誉め られる が まとも な やつ が さらに まとも に なっ て も 全く 誉め られ ない という か むしろ 気づか れ ない 
__label__negative, 希望 が 連れ て 来る の は いつも 絶望 絶望 が 連れ て 来る の も いつも 絶望 絶望 こそ が 現実 
__label__negative, つくる の は 時間 が かかる けど 壊れる の は 一瞬 
__label__negative, “ 努力 は 必ず 報わ れる まるで 自分 に 言い聞かせ てる みたい 
__label__negative, みんな し て 俺 の こと を ネガティブ とか 暗い とか 逃げ てる なんて 言う けど 俺 は あん たら と 違っ て 現実主義者 な だけ だ よ な んで 現実 を 主張 する だけ で そんな こと 言う の 否定 する って 言う こと は あんた ら も 薄々 理解 し てる ん じゃ ない の 認め たくない から そう やっ て 否定 する ん でしょ そういう 態度 こそ が 一番 醜い と 思う よ 
__label__negative, 何 か に 秀で たり 特出 し て いる 天才 という の は 過酷 な 環境 や 不条理 の 中 から 生まれる 
__label__negative, どうせ 後悔 する なら 信じ ない 方 が いい 
__label__negative, 私 は 愛さ れる 努力 を し て いる の に 報わ れ ない のに あの 子 は 努力 も せ ず に 愛さ れ てる 何 が そんなに ダメ な ん です か 
__label__negative, 失敗 し て も 何度 も 何度 も やり直せ ば いい と よく 言う が 失敗 の 中 に は 絶対 に し て は いけ ない 失敗 取り返し の つか ない 失敗 という もの が ある ん だ よ その こと を 理解 し て いる の かい だ から みんな 慎重 に 生き て いる ん だ よ 
__label__negative, 助け合っ て 生き て いる ん じゃなくて 誰か の 犠牲 で 成り立っ て 生き て いる ん だ と 僕は思う 
__label__negative, 幸福 な 人生 を 歩み たけれ ば 理性 価値観 倫理観 あらゆる 人間性 を 捨てれ ば なれる よ 考える という こと を 放棄 すれ ば 幸福 だ よ 
__label__negative, 誰 の 一番 に も なれ ない 誰か の 一番 に なり たい 
__label__negative, 逃げる こと は そんなに 悪い こと です か 可能性 は 無限 だ とか 道 は いくらでも ある とか 言う じゃん それなら 一 回 選ん で も 違う と 感じ たら 逃げ て 戻っ て 考え直し たら いけ ない の 
__label__negative, 正しい 事 を し てる 奴 ほど 背負う もの が 重い 
__label__negative, 人間 は 人 を 愛する 権利 を 持っ て いる が 僕 の よう な 人間 は 人 に 愛さ れる 権利 が ない ひと 握り の イケメン が 愛さ れる 権利 を 持っ て い て クズ に は 愛さ れる 権利 が ない の は おかしい これ を 平等 と 言える の か おかしい と 思う なら 俺 達 を 愛せ 
__label__negative, 人 は 失っ て から 其 を 大切 な もの だ と 気が付く と 言う けれど 大切なもの って 一体 何 始め から 持ち合わせ て い ない のに 何 を 持っ て 大切 な もの だ と 言う の か 僕 に は 理解 が 出来 ない な 
__label__negative, 才能 だけ で は 限界 が ある だって 才能 を 持っ て 生まれ た だけ で 人生 もうけ もんじゃ ねぇ か 
__label__negative, 絶対 的 な 友達 は 存在 し ない 常に 時 と 場所 環境 によって 変わっ て いく 
__label__negative, この世 で 一番 強力 な 宗教 は 恋愛 
__label__negative, やれ ば できる とか 夢物語 だ から 正確 に 言え ば やら なきゃ でき ない だ よ 
__label__negative, 全て の 物事 に 意味 は ない この 言葉 に も 
__label__negative, 才能 という 名 の 蕾 を 持っ た 人間 努力 という 名 の 水 を やり 続け た 人間 私 は どちら で も なかっ た 
__label__negative, 自分 を 苦しめる 番 の 原因 は 感情 
__label__negative, 努力 は 報わ れる なんて 報わ れ た 人 しか 言わ ない の よ 
__label__negative, 大事 な 人 が 居 なく なっ て も なんで 涙 が 出 ない ん だろ う 悲しく て 辛く て 苦しい のに 
__label__negative, やれ ば できる わけ 無い じゃ ない 
__label__negative, 私 は あなた の こと を 思っ て 言っ てる の 俺 は お前 の こと を 思っ て 説教 し てる ん だ それ は あんた ら の 勝手 な 考え の 押し付け だ よ ね 本当に 俺 の こと を 思っ てる の なら ほっとい て ください 
__label__negative, 前向き な 光 が 差せ ば 差す ほど 見 たく ない 黒い 影 が 濃く なっ て いく 
__label__negative, 信頼 できる 人 が 人 で も いれ ば いくつ も の 上面 だけ の 関係 なんて 人 も いら ない 
__label__negative, 人間 は 一人 で は ない 人間 は ｢ 孤独 で は ない 大勢 の 中 の ひとり だ と 認識 する こと 
__label__negative, 約束 を 最も 確実 に 守る 方法 は 約束 を 結ば ない こと だ 
__label__negative, 人間関係 が うまく いか ない の は ヒト が 元々 社交 性 が ない から である 
__label__negative, みんな 気に入ら ない ヤツ が 居 たら 一斉に 袋叩き に する けれど 自分 が 袋叩き に さ れる 番 に なっ た 途端 に こう 言い 始める ん だ よ 話 が 違う って 
__label__negative, 俺 が 生き て い て の 最大 の 汚点 は 人間 で ある こと そして 最大 の 美点 も 人間 で ある こと 
__label__negative, みんな 自分 を 綺麗 に 見せ たく て 鏡 の 前 で 必死 に 頑張る けど それ って 全部 無意味 だって みんな 自分 の こと しか 見 て ない から 
__label__negative, 世の中 って もん は 何 か の 犠牲 で まわっ て いる 
__label__negative, 人 は 成長 せ ど 進化 は しない 進化 する の は 技術 と ポケモン くらい の もん だろ 
__label__negative, 裏切ら れ ない ため の 最善 方法 は 信用 し ない こと だ 
__label__negative, 時には やさしい嘘 も 必要 です 
__label__negative, 足元 に いる 人 は すぐ に 自分 を 追い越し て いく くせ に 自分 は 他人 を 一向に 追い越せ ない 
__label__negative, 正しい 行い は 必ず 報わ れる それ 本気 で 言っ て ん の 
__label__negative, 人 の 幸福 は 妬ましく 自分 の 幸福 は 不安 に なる 
__label__negative, 人類 みな 兄弟 なんて 言う けど 埋まら ない 優劣 の 差 は やっぱり ある もん だ この世 に 生誕 し た その 瞬間 から すでに その 優劣 の 差 という もの に 悩まさ れ て いる 何 が 言い たい の か と いう と 所詮 ダメ な 奴 は 何 を し て も ダメ という こと 生まれ は みんな 同じ なんて 綺麗事 抜かす な よ 
__label__negative, 人 の 重荷 まで 背負える 余裕 は 無い 
__label__negative, 綺麗事 並べ て も 結局 は 金 だろ 努力 笑わせ ん な 
__label__negative, 上を向いて歩こう を 下向 い て 歌う 
__label__negative, 努力 し た こと ない 人間 ほど 努力 を 肯定 する 
__label__negative, 大好き の 反対 は 大嫌い じゃ ない むしろ 同義 語 で ある 大好き の 反対 は 無 関心 だ そして 大好き は 人 を 都合 よく 使っ て いる 人 が 使う 言葉 で 大嫌い は 都合 よく 使わ れ て いる 人たち が 使う 言葉 で ある 
__label__negative, 生まれ変わっ たら 人間 に なり たい って 思っ て いる の って 人間 だけ じゃ ない か な それ 以外 の 生物 は 生まれ変わっ て も 絶対 に 人間 に は なり たく ない って 思っ て いる 筈 だ よ 
__label__negative, 嫌 な こと ほど ､ 記憶 に 残る 
__label__negative, ネガティブ な ところ が あっ て も そこ に 気づく って 言う の は 才能 です けど ね 
__label__negative, よく ｢ 努力 は 裏切ら ない とか 努力 は 必ず 報わ れる と いう が それ は 嘘 努力 し た 経験 が いつか 報わ れる の は 同意 する が その いつか が いつ 来る の か それ が 問題 生き て いる うち に 来 なかっ たら 無駄 に 終わる つまり 努力 は 報わ れ なかっ たら 無駄 
__label__negative, 努力 は 夢 を 裏切る が 自分 を 裏切ら ない なぜ なら 努力 は 失敗 し た 時 の 慰め に なる から 
__label__negative, 上辺 だけ の 気遣い なんか いら ない だ から 近寄ら ない で 
__label__negative, えっ 人類 が 進化 し て いる だって そう か 俺 に は むしろ 退化 し て いる よう に 思える の だ が 
__label__negative, 彼女 なんて い なく て も いい から カップル を 妬ま ない 自分 に なり たい 
__label__negative, 嘘 に 取り 憑かれ た 私 は 鏡 の 前 に 立ち 今日 の マスク を 選び 抜く 
__label__negative, 引き 篭もり とか 言う けど どうせ なら ずっと ママ の お腹 の 中 で 引き篭っ て たかっ た 
__label__negative, 世の中 何 か に なる とか なり たい じゃなくて なっ た だけ 本人 の 意思 と は 無関係 に 勝手 に 決め られる 人生 なんて そんな もん 
__label__negative, 俺 って いったい 何 な の か わから ない 
__label__negative, 生きる の が 楽しい 訳 じゃ ない 死ぬ の が 面倒臭い だけ 
__label__negative, 努力 と 結果 は 比例 し ない 
__label__negative, 前 を 向い て 歩い た ところ で 足下 の 石 に は 気付か ず 身の程 を 知れ と 罵ら れ るし 下 を 向い て 歩い たら それ は それ で 壁 に ぶつかり 嘲笑 に 晒さ れる 
__label__negative, 僕 は ネガティブ な ん か じゃ ない よ ただ 幸福 者 に対して 嫌悪 を 抱い て いる だけ さ 
__label__negative, 今 の 俺 は 挫折 から でき て いる 
__label__negative, 不幸 な 奴 が 流す 涙 ほど 感情 を 動かす もの は 無い だって そいつ より マシ だって 思っ て 同情 出来る から 
__label__negative, 私 は 愚か な だけ で 卑しく は ない 
__label__negative, 目 が 前 に つい て いる の は 前 を 向く 為 だ なんて 聞く が 違う 物 を 立体的 に 見る ため だ 更に 言え ば そこ に ある 次元 を 無理矢理 見せる 為 だ 
__label__negative, 疲れ た と 言っ たら 私 の 方 が 疲れ た と 言わ れ た 今 その 瞬間 お前 より 疲れ た 
__label__negative, いじられキャラ と は いじめ の 被害者 を オブラート に 包ん だ 言い方 に 過ぎ ない 
__label__negative, 先 の 見える 人生 なんて つまらない なんて 言う けれど 先 の こと が 見えれ ば 失わ ず に 済む もの が ある かも しれ ない 
__label__negative, 才能 を 持ち 努力 し 成功 し た 者 を 天才 と 呼び 才能 を 持ち ながら 努力 し なかっ た 人間 を 変人 と 呼び そもそも 才能 が ない 者 を 凡人 と 呼ぶ 
__label__negative, 世の中 力 入れる こと ばっかり 勧める けど 力 抜く の って そんなに 悪いこと その 考え方 が 悪い ん じゃ ない の 
__label__negative, 頑張る 為 に 頑張っ て どう すん の 
__label__negative, 誰か の 幸福 は 私 を 不幸 に する のに 誰か の 不幸 は 私 を 幸福 に し て くれ ない 
__label__negative, 散々 暴力 を 振るっ て おい て あなた も 家族 と 言う の は 自分勝手 すぎる の で は ない の か 
__label__negative, 幸福 の 隣 に 絶望 が ある 絶望 の 隣 に は 絶望 しか 無い 人生 は 振り子 だ なんて 嘘 も いい とこ だ 
__label__negative, まっすぐ って 自分 が 思っ てる よ り上 に ある 
__label__negative, やり たく ない こと ほど 出来 たり 義務 化 さ れ たり する の に やり たい こと ほど 出来 なかっ たり 禁止 さ れる いや 出来 なかっ たり 禁止 さ れる こと だ から やり たい と 願う こと な ん だろ う 
__label__negative, 地球の自転 公転 が 止まれ ば いい のに 何人 の 地球人 が そう 思っ た こと か 
__label__negative, 低俗 が 故 の 悦び 高尚 が 故 の 苦痛 
__label__negative, 自分 を 取り巻く の が ヒト で ある と 思っ て は いけ ない まず 空気 に 地球 と 言う 環境 に 巻き付か れ て いる もっと 言え ば あなたに は 何人 も 取り巻か れる こと は ない 
__label__negative, 光 で 照らし 闇 を 消し た つもり で も 陰 という 闇 が 後 を つけ て いる 
__label__negative, 人間 は 考える 葦 と いう が 本当に 考える だけ で ある 
__label__negative, 多く の 人間 が 諦める な やれ ば できる など と 言う が 諦める こと が 悪い こと だ なんて こと は 無い むしろ 褒め られる べき 行為 だ 身の程 を 知る こと と 妥協 で 満足 する こと が 一番 重要 
__label__negative, 世の中 考え方 が 汚い 人 ほど 上手く 行く 考え が 綺麗 な 人 ほど 上手く 行か ない 世の中 は 子供 の 頃 に 教え られ た 物 を 否定 する こと しか ない 
__label__negative, 自分 に 何 か が 始まる 時 は 自分 の 何 か が 終わっ た 時 のみ 
__label__negative, 良い こと が あっ たら それだけ いっそう 次 が 怖く なる しかし 悪いこと が あっ て も 次 が 楽しみ と は 限ら ない 
__label__negative, 心 せまく て も いいじゃない 人間だもの 
__label__negative, 女性 は 割 が 自己愛 で 男性 は 割 が 虚栄 心 で でき てる 
__label__negative, あんなに 軽かっ た 肩 が こんなにも 重く なる と は 世間 の 重力 は 物理 を 越え てる の かも しれ ない 
__label__negative, 人 は 足下 いや さらに 下 を 見つめ て やっ と 安心 する 
__label__negative, 何 か が 終わる より 何 か が 始まる の が 怖い 
__label__negative, 一人 で 生きる こと に 恐れ て は いけ ない 一人 で 生まれ て 一人 で 死ん で いく の だ から 
__label__negative, 人 を 信じ れ ない 信じ たく ない じゃ なく 信じ ない だけ なのだ 
__label__negative, 自己犠牲 による 救済 より 自己愛 による 救済 の 方 が 圧倒的 に 多い 
__label__negative, 人 に は 適応 力 が ある 慣れる と 言う こと つまり 惰性 的 な 生き物 で ある 
__label__negative, 生きること は だいたい つまらない が 死ぬ こと が 楽しい こと は ない 
__label__negative, 海苔 一 枚 で 飯 が うまい これ ほど の 幸せ が ある だろ う か 
__label__negative, 薄 汚れ た情 より 綺麗 な 嘘 が いい 
__label__negative, 上 ばっかり 見 なく たって いい じゃ ない か 世界 に は 飛べ ない 鳥 だって いる ん だ 
__label__negative, 人間 悩ん でる 事 は ほとんど 解決 できる の だ 解決 でき ない 時 は もう 既に 諦め て いる 
__label__negative, 言葉の暴力 だ とか 人権侵害 だ とか 甘ったれ た 事 を 言う 人 が 多い 言葉の暴力 なんて 何 が それ な の か も 曖昧 で ある まず 第 一 に あなた は 守ら れる べき 人間 な の です か そう 伺い たい 
__label__negative, 平和 と は 争い の なか で 初めて 意味 を なす 争い が なけれ ば 平和 など 端 から 意味 を なさ ない もの だ 
__label__negative, やる気 は ビーム みたい な もん だ つまり 出 ない もん は 出 ない 
__label__negative, 諦め と 申し訳 程度 の 幸福 さえ あれ ば 生き て いける 諦め が 肝心 
__label__negative, 神 は 世界 を 創造 し 人 を 造っ た 人 は 武器 を 創造 し 文明 を 造っ た 武器 は 人 を 殺傷 し 神 に 返し た 
__label__negative, 人類の進化 ほど 余計 な こと を し て くれ た こと は ない 
__label__negative, バカ 過ぎる と かえって おもしろい 賢 すぎる と かえって 恐れ られる 中途半端 に 賢かっ たり バカ な やつ が 一番 嫌わ れる 
__label__negative, 物事 は いい こと より 一番 最悪 な 事 を まず 考え て から 行動 する 最悪 を 考える から もし そう なっ て も 傷 は 浅く 済む 
__label__negative, 生き て い た 時 に 築き上げ た 物 結局 は 死ん で しまう と 意味 が 無い 
__label__negative, 何故 生き て いる の か を 問う と 混乱 する 何故 生き なけれ ば なら ない か を 問う と みすぼらしく 情けなく なる 何故 死ん で は いけ ない の か を 問う と 死ぬ まで 悩み 続ける 私 は 一体 何 を する の が いい の だ か わから ない 
__label__negative, 真 の 幸福 は 不幸 に あり 真 の 不幸 は 幸福 に あり 
__label__negative, 見 て いる 人 は 見 てる さ と 言う けれど 見 て い て 欲しく ない 人 に も 見 られ てる 気 が する 
__label__negative, ネガティブ が まるで いけ ない 思想 の よう に 扱わ れる なら わたし は ニヒリスト に なろう 半端 が ダメ なら とことん いこ う 
__label__negative, 俗に いう ネガティブ 思考 は よく 考える と 綺麗ごと や 空元気 の 多い ポジティブ思考 より よっぽど 現実味 の ある 考え方 で ある ため これ こそ 本当 の ポジティブ思考 な の で は ない だろ う か 
__label__negative, ネガティブ な 思考 は ポジティブ を 嫌い ポジティブ な 思考 は ネガティブ を も 認める 
__label__negative, 生きる と は 行動 を 起こし 熟考 し 試行 錯誤 し 紆余曲折 し た 自我 を 伴っ た 継続 的 な 動作 で ある 何 も 考え ず 回り に 迎合 し 己 の 信念 を 持た ず に ただ 時 の 経過 に 身 を 任せる こと は 生きる で なく 呼吸 する 酸化 し て いる と 言う こと で ある 
__label__negative, 好き な よう に 死ね たら きっと 生きる こと に も 意味 が ある 
__label__negative, 幸せ が 白鳥 という の なら 私 に は カラス が 飛ん で き て いる 
__label__negative, 結果 主義 の 人 は 忙しない 人生 を 過程 を 大事 に する 人 は 恵まれ にくい 人生 を どちら で も ない 人 は つまらない 人生 を 
__label__negative, 苦しみ は 味 の ない ガム の よう 幸せ は 綿 あめ の よう 
__label__negative, 頑張っ て 勉強 し た ところ ほど テスト に 出 ない 
__label__negative, 自分 を 簡単 に 殺し て くれる 人 を 天使 という 惨め な 思い を し て まで 生き させる 人 を 悪魔 という 
__label__negative, もし 今 を 快く 生きる こと が でき て も ずっと そう で は ない だから 皆 死に た がる 
__label__negative, いい 人 は 自分 にとって いい 人 
__label__negative, 生きる 死ぬ という 選択肢 が ある の に 生まれ ない という 選択肢 が ない こと が 殊に 残念 だ 
__label__negative, 幸せ は 誰か の 不幸 の 上 に 存在 する 
__label__negative, 不幸 は 下落 状態 幸福 は 上昇 状態 差分 で あっ て 点 で は ない 
__label__negative, 人 は 不幸 の とき は 一 を 十 に も 思い 幸福 の とき は 当たり前 の よう に それ に 馴れ て 十 を 一 の よう に 思い ます 
__label__negative, 一番 好きな人 は 一番 嫌い な 人 に なる 
__label__negative, 一番 大切なもの は 何 と 聞か れ お金 友情 恋人 命 なんて 答える が 結局 一 番 大切なもの は 自分自身 で ある 
__label__negative, 生きる と は 動作 動詞 で ある つまり 疲れる と 言う こと だ 
__label__negative, 作業 が 半分 まで 終わっ た 時 半分 まで 終わっ た と 考える 人 と まだ 半分 も ある と 考える人 が いる だろ う 結果 どちら も そこ で やめる の だ 
__label__negative, 自分 の こと しか 考え ない 人間 が 多 すぎる 時 々 そう 言う 人 こそ 人間らしい の では と 自分 を 猜疑 し て しまう ほど だ 
__label__negative, 不倫 を する 者 は 愛 が 足り ない の で は なく 愛 に 溺れ て いる の で ある 
__label__negative, 人間 は 誉め られ たら 謙遜 する の に 否定 的 に 批評 さ れ たら 全力 で 否定 する 不可解 な 生き物 
__label__negative, 問題 が 起こっ て から 問題 だ と 気づく いつも 皆 遅い 
__label__negative, 心 の 悲痛 な 叫び は 届か なく て 何 の 気なし に 言っ た こと は すぐ 伝搬 する 
__label__negative, 仲間 友達 結局 自分 に 利益 が ある 奴 だけ 求め て ん だろ 
__label__negative, 君 が 一番 信頼 し てる 人 は 君 を 信頼 し てる の かい 君 が 一番 好きな人 は 君 が 好き な の か な 世の中 大体 が 独りよがり 
__label__negative, 完璧 に は 絶対 なれ ない のに なんで 完璧 って 言葉 が 出来 た の 
__label__negative, 人生 なんて 結局 『 誰か の 人生 』 で 全部 丸め込ま れる ん だ から どんなに 抗っ て も 死ぬ とき は 変わん ない よ だ から し たい こと いっぱい し て 死ん だら その 方 が 倍 価値 が ある よ 
__label__negative, 人 は 皆 一人 だ 皮肉 な こと に 唯一無二 で ある 決定的 証明 に なる 
__label__negative, 死ん だ 後 に は 何 も 残ら ない のに 僕たち は なぜ 生き 続けよ う と する の か 
__label__negative, 嘘つきは泥棒の始まり そんな こと は ない 自分 の 欲望 に 嘘 を つか ない から 物 を 盗む ん だ 逆説 的 に 嘘 が 正義 で ある こと を ここに 宣言 し たい 
__label__negative, 人類 は 幸福 を 当たり前 の よう に 受け取り 不幸 を いつまでも 根 に 持つ 罪深い 生き物 で ある 
__label__negative, 悲観主義 者 は あらゆる 機会 の 中 に 問題 を 見出す 楽観 主義者 は あらゆる 問題 の 中 に 機会 を 見出す 
__label__negative, 悲観主義 は 気分 による もの で あり 楽観 主義 は 意志 による もの で ある 
__label__negative, 男 が 家 から 一 歩 出る と 人 の 敵 が いる と 言う が それ は 嘘 だ 本当 の 敵 は 家 の 中 に いる 
__label__negative, 結婚 を しばしば 宝くじ に たとえる が それ は 誤り だ 宝くじ なら 当たる こと も ある の だ から 
__label__negative, 独身者 と は 妻 を 見つけ ない こと に 成功 し た 男 で ある 
__label__negative, 結婚 する と は 彼 の 権利 を 半分 に し て 義務 を 二倍 に する こと で ある 
__label__negative, 朝夕 の 食事 は うまから ず と も ほめ て 食う べし 
__label__negative, 女房 に 愛さ れる 技術 という もの は 発明 さ れ ない もの だろ う か 
__label__negative, 結婚 と は ただ 一人 の ため に 残り の 人々 を すべて 断念 せ ね ば なら ぬ 行為 で ある 
__label__negative, 結婚 する とき 私 は 女房 を 食べ て しまい たい ほど 可愛い と 思っ た 今 考える と あの とき 食べ て おけ ば よかっ た 
__label__negative, 妻 を 選ぶ の は ネクタイ を 買う の と よく 似 て いる 選ん だ 時 は 素敵 に 見える が 家 に 帰っ て 首 に 締め て みる と がっかり する 
__label__negative, 恋 は 人 を 盲目 に する が 結婚 は 視力 を 戻し て くれる 
__label__negative, できるだけ 早く 結婚 する こと は 女 の ビジネス で あり できるだけ 結婚しない で いる こと は 男 の ビジネス で ある 
__label__negative, 絶対 に マネ の でき ない マネ しよう と すら 思わ ない レベル の イノベーション を 続けろ 
__label__negative, 消費者 に 何 が 欲しい か を 聞い て それ を 与える だけ で は いけ ない 完成 する ころ に は 彼ら は 新しい もの を 欲し がる だろ う 
__label__negative, 約束 を 守る 最上 の 方法 は 　 決して 約束 し ない こと だ 
__label__negative, 壮大 な 人物 は 　 堪えがたい ほど 利己 的 で ある 
__label__negative, どんな 英雄 も 　 最後 に は 鼻 に つく 英雄 と なる 
__label__negative, 青春 という もの は 奇妙 な もの だ 　 外部 は 赤く 輝い て いる が 内部 で は 何 も 感じ られ ない の だ 
__label__negative, 友情 に は 絶えず 怠ら ぬ 繕い が 必要 で ある 
__label__negative, 幸福 は 夢に 過ぎ ず 苦労 は 現実 で ある 
__label__negative, 同情 さ れ た がる 渇望 は 自己陶酔 　 しかも 他人 の 懐 を 傷め て の 自己陶酔 の 渇望 で ある 
__label__negative, 人間 に は 　 裏切っ て やろ う と たくらん だ 裏切り より 心 弱 きが ゆえ の 裏切り の ほう が 多い の だ 
__label__negative, 我々 は 幸福 に なる ため により も 幸福 だ と 人 に 思わ せる ため に 四苦八苦 し て いる の で ある 
__label__negative, 目的 の ない 生活 は 味気 なく 目的 の ある 生活 は 煩わしい 
__label__negative, この世 に 必要 な 本 と は 自殺 の よう に ぼくら に 作用 する 本 の こと だ 
__label__negative, 人間 が 愛し合え ば ハッピーエンド は ありえ ない 
__label__negative, がんばっ てる 人 に は ゴメン と しか 言い よう が ない けど 努力 ってな ん か 下品 
__label__negative, ある 選択 を する という こと は その 選択 によって 生まれる はず の マイナス を すべて 背負う ぞ という こと 
__label__negative, 落とし穴 が ある 経験 は プラス に も なる が マイナス に なる こと も ある の だ 
__label__negative, ハンディキャップ を まったく 背負っ て ない 人 など い ない 誰 も が マイナス の 部分 を もっ て いる 自分 に 与え られ た マイナス を 背負い ながら 生き て いく こと それ が 人生 という もの で は ない か 
__label__negative, マイナス な 感情 を 持つ こと は 悪いこと の よう な 感覚 が 根付い て しまっ て い ます けれど 本来 感情 は コントロール 出来 ない もの 嫌い な 人 を 秒 で 好き に なれる か と 言っ たら 無理 です よ ね 緊張 し ない よう に と 思っ て も 緊張 は し て しまう もの 嫌い な もの は 嫌い で 緊張 も し て も いい ネガティブ な 感情 を 持っ て しまう 自分 を 否定 する の で は なく まず ちゃんと 向き合っ て ありのまま の 自分 に を あげる こと で 自己肯定感 を 持つ こと が 大事 
__label__negative, 女 の 人 が よく ない と 思う の は 男の子 が 何 か を がんばっ て 失敗 し た とき ほら ごらん なさい あの とき いっ た じゃ ない の って すぐ に 情熱的 に なる ところ 思い当たる でしょ う マイナス の 時 だけ 情熱的 に なる の は 女の子 の 卑し さ な の よ 
__label__negative, 自分 の 敵 は 自分 の マイナス の 想像力 
__label__negative, 初め に マイナス思考 で 最悪 の 結果 を 想定 し そう なら ない よう な 計画 を 立て て から 組織 や 集団 を 動かす そして 全体 の 流れ が 軌道 に 乗っ て き た と 見る や プラス思考 に 転じ て 攻め て 行く 
__label__negative, 遊ん だり 病気 を し たり ケンカ し たり 泣き 笑い 人生 の 思い出 の 積み重ね が 家族 を つくっ て いく の です プラス も マイナス も 全部 ひっくるめ て その 思い出 が 家族 な の です 血縁 で は ありません 
__label__negative, 時間 の 無駄遣い は 一種 の 自殺行為 で ある 
__label__negative, あなた の 言う こと は おそらく 正しい こと な の でしょ う しかし わたし の こと なら ば 放っ て おい て ください なぜ なら ば わたし は 必要 ある と 思っ た とき は 自ら 毒 杯 を あおる こと が でき ます から 
__label__negative, せめて 全能 の 神 が 自ら 命 を 絶つ こと を 禁じ て い なけれ ば 
__label__negative, 当の 受難 者 自身 によって なさ れ た 積極的 あるいは 消極的 行為 から 直接的 あるいは 間接 的 に 生ずる 一切 の 死 を 自殺 と 名づける 
__label__negative, 諦め は 日常 的 な 自殺 で ある 
__label__negative, いつまでも 人 を 恨ん で い て は なら ない 貴方 が 恨ん で いる 人 は 人生 を 楽しん で いる 
__label__negative, ありあまる ほど 自由 な 時間 の ある 人間 は たいてい 悪いこと を 考える もの で ある 
__label__negative, あまり 人 を 理解 できる と は 思わ ない わかる の は 好き か 嫌い か だけ だ 
__label__negative, あきらめ て しまう と 癒し よう の ない 不幸 も 和らげる 
__label__negative, 貴方 と 世の中 と の 戦い なら 世の中 の ほう に 賭け なさい 
__label__negative, 人 って 孤独 よね とか ネガティブ に 考え れる っていう の は 当たり前 じゃん ていう か そんな の 今更 認める とか そんな こと じゃ なく て そんな の 前提 で しか ない ん だ し それ を わかっ た 上 で の ポジティブ っていう の が 本当 の 強 さ だろ 
__label__negative, こいつ と いっしょ に 幸せになろう とか こいつ に 幸せ に し て もらお う と いう より も こいつ と だっ たら 不幸 に なっ て も 後悔 し ない という 相手 と めぐりあえ たら 最高 な ん じゃ ない か なぁ これ は 一見 ネガティブ な 考え に 思える かも しれ ない けど いちばん 強い 絆 な ん じゃ ない か な 
__label__negative, あきらめる という 言葉 から は ネガティブ な イメージ を 受け ます が あきらめる という スキル を 体得 する こと は とても 大切 な こと です 人 は ついつい いろいろ な もの が 欲しく なり ます が あまり 両手 に 抱え込み すぎる と 身動き が とれ なく なっ て しまい ます 
__label__negative, まだ 起き て い ない こと に ネガティブ な こと を 考える そういう 思考 が 働い て しまう まだ 起き て い ない こと に対して は 良い こと しか 考え ない 
__label__negative, 監督 は 孤独 を 愛さ ない と いけ ない し ストレス も 愛さ ない と いけ ない そんな ネガティブ な もの に対して お 友達 に なら ない と 駄目 な ん です 
__label__negative, 悪口 や 批判 など ネガティブ な 発言 は 控える べき です 話す 言葉 は その 人 自身 の 印象 に 直結 し ます ネガティブ な こと ばかり 言う 人 は 自分 も 相手 に マイナス の イメージ を 与え て しまう こと を 覚え て おき ましょ う 
__label__negative, 多く の 人 は うまく いか ない こと が ある と なんで 自分 だけ こんな について ないん だ と ネガティブ 思考 に 陥り ます が そもそも 人生 なんて 思う よう に なら ない の が 当たり前 もし とんとん拍子 に 物事 が 運ん だら 人間 は 必ず 傲慢 に なっ て 自信過剰 に なっ て しまう でしょ う 
__label__negative, 誰か が 失敗 する こと によって ほか の 人 の 発想 が 刺激 を 受ける そういう こと を 考えれ ば 失敗 を ネガティブ に 捉える 必要 は まったく ありません むしろ 失敗 を 恐れ たり 他人 の 失敗 を 非難 し たり する よう に なる と クリエイティブ の モチベーション が 一気に 下がる ので そちら の ほう を 注意 し て い ます 
__label__negative, 正直 に 告白 する 人 は ほとんど いない が 大きな 成功 を 収め た 人 の 中 に も 決して 褒め られ た もの で は ない ネガティブ な 悪 の 感情 を 原動力 に し た 人 が 少なく ない 成功 する ため の 方法 を 説い た 本 は 数 知れ ない が この 事実 を 指摘 し て いる もの は ない よう に 思う 大半 の 成功本 は ネガティブ な 感情 を 捨て すべて の 人 を 許し ポジティブ で 楽しい こと だけ を 考えよ と 説く こうした 教え は 一見 する と 正しい よう に 聞こえる が 現実 を 見る 限り それ は 大 嘘 だ 
__label__negative, 様々 な 分野 で 目 を 見張る よう な 成功 を 収め た 人 の 中 に は あいつ に 目 にも の 見せ て やる という 気持ち が 励み に なっ た と 打ち明ける 人 が 少なく ない 不安 や 恐怖心 に 突き 動かさ れ て 頑張る 人 も 多い なに を モチベーション の 材料 に する か について 他人 に とやかく 言わ れる 筋合い は ない その 人 によって それ が 有効 なら それで いい この よう な ネガティブ な 感情 が 好ましい 結果 を 生む 場合 が ある こと を 認め ない の は 甘い 考え だ と 言わ ざる を 得 ない 
__label__negative, ネガティブ な 感情 は 自分 の 課題 を 明らか に する きっかけ で も あり ます せっかく 辛い 思い を し た の です から この 経験 を 生かし て スキルアップ すれ ば あれ は とても 貴重 な 経験 だっ た と 振り返る こと が できる 日 が きっと くる はず です 
__label__negative, ポジティブ な 感情 と ネガティブ な 感情 の 比率 は 対 ぐらい が いい と いわ れ て いる ネガティブ 感情 に も 生産 的 な もの と 破壊 的 な もの が ある 生産 的 な もの たとえば 怒り や 対立 は 人生 を 繁栄 さ せ たり 成功 さ せる うえ で プラス に なる こと も 多い ので 主 に 減らし たい の は 破壊 的 な もの だ たとえば 嫌悪 侮蔑 など 部下 に も ひとつ 怒っ たら つ ぐらい 褒め た ほう が いい 
__label__negative, ストレス を 受ける と なぜ 人 は マイナス の 感情 を 抱い て しまう の でしょ う か じつは 太古 の 昔 人 が 生きる 目的 の すべて が 生き残っ て 子孫 を 残す こと だっ た ころ 感情 は 生き残る ため の 手段 の 一つ でし た たとえば 敵 に 攻撃 さ れ た とき に 反撃 する ため に は 怒り が 必要 でし た 巨大 な マンモス から 逃げる ため に は 恐怖 の 感情 が 必要 でし た し 危険 な 行動 を あきらめる ため に は 落ち込み の 感情 が 必要 でし た そうして 発達 し た 感情 が 文明 が 発達 し た 現代 で も 本質的 に 古代 の まま 受け つが れ て いる の です 
__label__negative, ネガティブ な 感情 の せい で 仕事 が うまく いか なく なっ て しまう 人 と むしろ パフォーマンス を 高める きっかけ に できる 人 と が いる の は 事実 です その 差 は どこ に ある の でしょ う か うまく いか ない 人 は 不安 に なっ て は いけ ない 迷っ て い て は いけ ない ネガティブ に なっ て は いけ ない と 感情 を 否定 し ます 一方 うまく いく 人 は 自分 の 感情 を きちんと 受け入れ ます 感情 と は 潜在意識 が 自分 に 伝え て くる メッセージ で ある という こと を 理解 し て いる から です 
__label__negative, ネガティブ に なっ たら 心 の 中 で ストップ 
__label__negative, 現代社会 は いや でも ネガティブ 感情 を 刺激 さ れる こと が 多い その 結果 逆 に 毎日 悪い ところ を 見つける 習慣 を 持っ て しまう と それ こそ 不機嫌 な 人生 に 追い込ま れる 人生 は 怖い 人生 は 失敗 する 人生 は つまらない など と 思い込ま さ れ て いる と し たら ぜひ 毎日 つい い こと や 嬉しかっ た こと を 書き出す 習慣 で 脳 を 書き換える と いい 
__label__negative, 怒り に は ネガティブ な イメージ が あり ます が 貧乏 や 差別 を バネ に し て 社会的 に 成功 し た 人 が たくさん いる よう に 目盛り が 振り切れる ほど の 怒り に は とてつもない 力 が あり ます 
__label__negative, 不安 と は 未来を 否定 的 に 予測 する こと です 不安 に 駆ら れ て いる 人 は まだ 実現 し て い ない こと に対して ネガティブ な 想像 を 膨らま せ て いる 状態 に あり ます これ は 公平 な 見方 と 言える でしょ う か 
__label__negative, ネガティブ な 感情 は 自分 の 課題 を 明らか に する きっかけ で も あり ます せっかく 辛い 思い を し た の です から この 経験 を 生かし て スキルアップ すれ ば あれ は とても 貴重 な 経験 だっ た と 振り返る こと が できる 日 が きっと くる はず です 
__label__negative, 物事 が 成功 する 可能性 に 疑問 や 疑念 を 抱く の は ネガティブ 思考 に 陥っ て いる 証拠 で そうした 考え は 頭から 追い払う べき だ と 言わ れる しか し そういった 発想 は 不健全 で 愚か な もの だ 根拠 の ない 楽観 主義 を かたくな に 持ち 続ける こと は 愚行 以外 の なに もの で も ない 
__label__negative, 口角 を 下げ て しまう と ネガティブ な 顔 に なっ て しまい ます すると 相手 に 不快感 を 与え かね ませ ん 会話 も 弾ま なく なっ て 嫌わ れ て しまう かも しれ ませ ん 
__label__negative, 最近 の テレビ や 新聞 の ニュース を 見 て い ます と ネガティブ な 話 が 多 すぎ ます 経済 関連 に し て も 日本製品 の シェア や 商品開発 が 某国 に 負け て いる あるいは 取り組み が 遅れ て いる など 後ろ向き の 話 ばかり で どうも 今 の 日本 は 元気 が ない もっと 自信 を 持っ て 行動 す べき だ と 思い ます 
__label__negative, 自信 が ない と 自分 に は でき ない ん じゃ ない か など と ネガティブ な こと を 考え て 心 を 乱し がち です でも 客観的 に 見れ ば 十分 な 実力 を 備え て いる こと が 少なく あり ませ ん 
__label__negative, ＳＮＳ の 普及 により ネガティブ な イメージ もより 早く 伝わる よう に なり まし た 炎上 と 言わ れる よう な 現象 も しばしば 発生 し ます これ は 情報 の 受け手 の 立場 に 立っ て 物事 を 考え て い ない から 起こり ます 顧客 に対して 愛 を 持っ て い て 彼ら が 何 を 求め て いる か が わかっ て いれ ば トラブル は 起こり ませ ん し 問題 が 発生 し た として も 真摯 に 説明 を 行え ば 理解 し て もらえる はず いま 一 度 自問 する べき は お客様 へ の 愛情 です それ が あれ ば どんな やり方 で も うまく いく の です 
__label__negative, 男女 の 仲 という の は 夕食 を 二人 っきり で 三 度 し て それ で どうにか なら なかっ た とき は あきらめろ 
__label__negative, 歳 より 前 に 悲観主義 者 に なる 者 は 物事 を 知り すぎ 歳 を 越え て も なお 楽観 主義者 である 者 は 物事 を 知ら な すぎる 
__label__negative, 楽観 主義者 は 青信号 しか 見え ない 悲観主義 者 で は 赤信号 しか 見え ない そして 真 の 賢者 と は 色盲 で ある 
__label__negative, まだ 起き て も い ない 事柄 について マイナス の 思考 を する の は 完全 に 間違っ て い ます 
__label__negative, 悲観的 に なっ たら 薔薇 を 眺めよ 
__label__negative, 悲観論 者 と は 何 か すべて の 人 が 自分 の よう に 胸くそ が 悪く そのため に 彼ら を 憎む もの だ 
__label__negative, 日本人 は 批判 さ れる こと を ネガティブ に 捉える 傾向 が ある 日本人 は 本音 を グサリ と 言わ れる こと が 好き で は ない よう に 思え た 
__label__negative, 韓国 は 賑やか な のに 日本人 の 顔 は 冴え ない し 節電 で 暗く て ネガティブ 
__label__negative, 絶望 が 純粋 な の は たった 一つ の 場合 だけ で ある それ は 死刑 の 宣告 を 受け た とき で ある 
__label__negative, 夜 は われ の 友 われ の 指導者 は 絶望 なり き 
__label__negative, 人間 に 死 の ある こと が そもそも の 絶望 の 本質 で ある 
__label__negative, 絶望 と は 死にいたる病 で ある 自己 の 内 なる この 病 は 永遠 に 死ぬ こと で あり 死ぬ べく し て 死ね ない こと で ある それ は 死 を 死ぬ こと で ある 
__label__negative, 富 を 軽蔑 する という 人間 を あまり 信じる な 富 を 得る こと に 絶望 し た 者 が 富 を 軽蔑 する の だ そして こういう 人間 が たまたま 富 を 得る と 何 より も 始末 が 悪い 
__label__negative, 落胆 は 絶望 の 母 
__label__negative, いくら 優れ た 能力 が あっ て も 周囲 に ネガティブ な パワー を 送る 人 は その 能力 を 生かす 場 が あり ませ ん 
__label__negative, 絶望 と は 愚者 の 結論 で ある 
__label__negative, 大 多数 の 人間 は 静か な 絶望 の 生活 を 送っ て いる 
__label__negative, 幸せになろう と 思わ ない で ください 幸せ を つかみ に 行っ て 幸せ を つかん だ 人 は ひとり も い ませ ん 幸せ は 感じる もの です 
__label__negative, 人 の 生き方 に 反対 で も 変え させる の は 良く ない わ それに 大抵 手遅れ だ し 
__label__negative, 人生 の 半分 は トラブル で あと の 半分 は それ を 乗り越える ため に ある 
__label__negative, 意味 が 見つから ない から 良き 人生 を 送れ ない の で は なく 良き 人生 を 送れ ない から こそ 意味 に すがる の だ 
__label__negative, 威圧 系 笑わ ない それ で いい や それ が 私 の 武器 
__label__negative, 人生 は すべて 次 の ふたつ から 成り立っ て いる し たい けど でき ない できる けれど し たく ない 
__label__negative, 最悪 の まんま 生きよう 
__label__negative, 判断力 を なくし て 結婚 し 忍耐 力 を なくし て 離婚 し そして 記憶力 を なくし て 再婚 する 
__label__negative, みんな スカスカ の 人生 な のに 幸せ そう な フリ を し て いる だけ な ん だ よ 
__label__negative, とにかく ね 生き て いる の だ から インチキ を やっ て いる の に 違い ない の さ 
__label__negative, いま の 世の中 で 一 ばん 美しい の は 犠牲者 です 
__label__negative, 幸福 の 便り という もの は 待っ て いる 時 に は 決して 来 ない もの だ 
__label__negative, 学問 と は 虚栄 の 別名 で ある 人間 が 人間 で なく なろ う と する 努力 で ある 
__label__negative, 生き て いる 事 ああ それ は 何 という やりきれない 息 も たえだえ の 大 事業 で あろ う か 
__label__negative, バルザック の 散歩 用 の 杖 に は 『 私 は あらゆる 困難 を 打ち砕く 』 と 刻ま れ て い た そうだ 僕 の 杖 に は 『 あらゆる 困難 が 僕 を 打ち砕く 』 と 刻ま れ て いる 
__label__negative, すべて お 終 い の よう に 見える とき でも まだまだ 新しい カ が 湧き出 て くる それ こそ おまえ が 生き て いる 証 な の だ もし そういう カ が 湧い て こ ない なら その とき は すべて お 終 い だ もう これ まで 
__label__negative, ぼく は 現代 の ネガティブ な 面 を 堀 り あ て それ を 身 に つけ て しまっ た の で ある ポジティブ な もの は ほんの わずか で さえ 身 に つけ なかっ た ネガティブ な もの も ポジティブ と 紙一重 の 底 の 浅い もの は 身 に つけ なかっ た どんな 宗教 によって も 救わ れる こと は なかっ た ぼく は 終末 で ある それとも 始まり で あろ う か 
__label__negative, ぼく は 人生 に 必要 な 能力 を なに ひとつ 備え て おら ず ただ 人間 的 な 弱み しか 持っ て い ない 
__label__negative, 将来 に むかっ て 歩く こと は ぼく に は でき ませ ん 将来 に むかっ て つまずく こと これ は でき ます いちばん うまく できる の は 倒れ た まま で いる こと です 
__label__negative, 親子 関係 は 病 で あり 治癒 は 不可能 だ と もう あきらめ て 誰 も が 粛々と この 病原菌 に 感染 し て あと は じわじわ と 進行 し 症状 が 重く なる の を 受け入れ ながら 一生 が 終わる の を 待つ しか ない 
__label__negative, 日本人 は 絶望 を 知ら ない 絶望 する 前 に 諦め て しまう 
__label__negative, 死 の 存在 と は あるいは 我々 に 自発 的 に 人生 を 断念 さ せ あるいは 死 が 奪う こと の 出来 ない 意味 を 人生 に 与える こと によって 我々 の 人生 を 変容 せしめる の だ 
__label__negative, すべて の 家庭 人 は 人生 の 半ば を あきらめ て 居る 
__label__negative, 不幸 に対する 特効薬 など ない ただ 昔 から 退屈 な 忍耐 とか 諦め とかいう 美徳 が ある のみ だ 
__label__negative, みんな の 手本 で ある からには ネガティブ で あっ て は いけ ない ん だ 
__label__negative, どの 職場 に も ネガティブ な 人 が 何人 か 働い て いる だ から あなた も 時には これら の 人たち と 接触 し いっしょ に 働か なけれ ば なら ない しかし わざわざ 破滅 の 預言者 たち と 一緒 に 過ごす よう な こと を し て は いけ ない 
__label__negative, ポジティブ な 人 に 近づき ネガティブ な 人 から 離れる 
__label__negative, おなか が すい て くる と 人間 ネガティブ に なる ん だ よ 
__label__negative, 人間 の 心 は 放っ て おく と 九 割 は 否定的 方向 に 傾い て しまい ます だ から 常に 肯定的思考 を 身 に つけ なけれ ば なり ませ ん 
__label__negative, 何事 につけ 世間 で は 積極 は 良し と さ れ 消極 は 否定的 に 見 られる だ が 点数 や 売上 の よう な 表面 的 な 物差し の 中身 を 直視 せ ず 無理 を 重ね 重ね させ て 壊れ て しまっ た 子供 や 大人 破綻 し た 企業 は 少なく ない 
__label__negative, 破壊 的 否定 的 な こと に 神経 を 費やす の は 潜在意識 に 毒 を 与える よう な もの です そういう 人 が 幸せ に なれる わけ が あり ませ ん 
__label__negative, あなた の 成功 を 妨げる の は あなた 自身 です あなた の 心 が マイナス に 働い た とき 否定的 あるいは 破壊 的 に 働い た とき に あなた は 最大 の 障害 に 直面 する こと に なる の です 
__label__negative, いつも クヨクヨ 悩ん で いる 人 は 悩み の 種 が 尽き ない から 悩ん で いる の で は ありません 心 が 不安定 だ から どんな 問題 で も 否定的 で 不安 な 状態 に 見え て しまう の です 一刻 も 早く この 悪循環 を 断ち切る 必要 が あり ます 
__label__negative, すべて 人生 は 心 に 描い た 通り に なる どの よう な 厳しい 状況 に 置か れよ う と 否定 的 な こと を 心 に 浮かべる べき で は ない まじめ に 前向き に 努力 し て いけ ば 決して 悪い こと が あろう はず が ない と 確信 し て 常に 堂々 と 明るく 進ま なけれ ば なら ない 
__label__negative, どんな 仕事 に 取り組む とき でも 忘れ て は いけ ない こと が あり ます それ は 自分 の 仕事 について いささか も 否定 的 な 見解 を 抱い て は いけ ない という こと です もし どう 冷静 に 考え て も それ が でき ない と し たら その 仕事 を あきらめ なさい 
__label__negative, 自殺 を 想う こと は 強い 慰謝 剤 で ある これ によって 数々 の 悪 夜 が 楽 に 過ごせる 
__label__negative, 多数 という もの より しゃくにさわる もの は ない なぜなら 多数 を 構成 し て いる もの は 少数 の 有力 な 先進 者 の ほか に は 大勢 順応 の ならず者 と 同化 さ れる 弱者 と 自分 の 欲する こと さえ 全然 わから ない で くっつい て 来る 大衆 と である から 
__label__negative, 人生 という の は 矛盾 から 成り立っ て いる もの な ん だ もしも 矛盾 の 中心 に ちゃんと 止まる もの なら 人生 の 意味 が 分かる はず だ 
__label__negative, 人生 に は ただ 三つ の 事件 しか ない 生まれる こと 生きる こと 死ぬ こと で ある 生ま れる とき は 気がつか ない 死ぬ とき は 苦しむ そして 生き て いる とき は 忘れ て いる 
__label__negative, 生きる 理由 は ない が また 死ぬ 理由 も ない 人生 へ の 軽蔑 を 示す べく 我々 に 残さ れ た 唯一 の 方法 は それ を 受け入れる こと で ある 人生 は 苦労 し て 捨てる ほど の 価値 も ない 
__label__negative, 人生 は 何事 も なさ ぬ に は あまりに も 長い が 何事 か を なす に は あまりに も 短い 
__label__negative, 智に働けば角が立つ 情 に 棹 せ ば 流さ れる 意地 を 通せ ば 窮屈 だ 兎角 に この世 は 住み にくい 
__label__negative, 人生 は ただ 歩き回る 影法師 哀れ な 役者 だ 出場 の 時 だけ 舞台 の 上 で 見栄 を きっ たり わめい たり そして あと は 消え て なくなる 
__label__negative, 笑わ れ て 笑わ れ て 強く なる 
__label__negative, 花に嵐 の たとえ も ある さ さよなら だけ が 人生 だ 
__label__negative, じゃ これ が 地獄 な の か こう だ と は 思わ なかっ た 二人 と も おぼえ て いる だろ う 硫黄 の 匂い 火あぶり 台 焼き網 なんか 要る もの か 地獄 と は 他人 の こと だ 
__label__negative, 私 は あなた の 肉体 を 考える の が 怖し い あなたに 肉体 が なけれ ば よい と 思わ れ て 仕方がない 私 の 肉体 も 忘れ て 欲しい そして もう 私 は あなたに 二 度 と 会い たく ない 誰 と で も 結婚 し て 下さい 私 は あなた に 疲れ た 私 は 私 の 中 で 別 の あなた を 育てる から 
__label__negative, こんなに 一生懸命 し て いる の に 報わ れ ない 当たり前 です 人生 と は その 労力 に 比例 し て 報わ れ ない こと が 自然 だ から です こんな に 訴え て いる の に わかっ て もらえ ない 当たり前 です 人生 と は どんなに 訴え て も わかっ て もらえ ない の が 自然 だ から です 
__label__negative, 良き 友 良き 本 眠り かけ た 良心 これぞ 理想 の 人生 
__label__negative, ある 一人 の 人間 が 成功 する と 世間 の 人達 という の は よっ て たかっ て 足 を ひっぱっ て 失脚 さ せよ う と する が いったん 落ちぶれ た と なる と 助けよ う と する もの で ある 
__label__negative, たいがい の 人間 は 一生懸命 に 働く の が 好き で ある とくに 給料 を 払う 側 の とき に は 
__label__negative, 友情 という の は 大きな 報酬 を 期待 し て 小さな サービス を する といった 一 種 の キブアンドテイク の 契約 で ある 
__label__negative, 人生 は 恐れ を 知ら ぬ 冒険 か 無 の どちら か である 
__label__negative, 人生 の 大きな 秘訣 は 決して 他人 の 邪魔 を し ない こと だ 
__label__negative, 自分 で 自分 の 価値 を 過大評価 しない よう に 
__label__negative, 人生 は タマネギ みたい な もの ひとつ 剥く たび とき に 泣け て くる の さ 
__label__negative, 我々 人間 は 泣き ながら 生まれ ぶつぶつ と 不平 を 言い ながら 生き そして それ から がっかり し て 死ん で ゆく の で ある 
__label__negative, 若い 頃 は 私 は お金 こそ が 人生 で 最も 大切 な もの だ と 思っ て い た 今 歳 を とっ て それ が 正しい こと を 知っ た 
__label__negative, 新しい 喜び は 新しい 苦痛 を もたらす 
__label__negative, 友愛 の 多く は 見せかけ 恋情 の 多く は 愚か さ である に すぎ ない 
__label__negative, 金 を 貸す と 金も 友達 も なくし て しまう 金 を 借りる と 倹約 の 心 が 鈍っ て しまう 
__label__negative, さらに 良く しよ う と し て 良い もの を 駄目 に し て しまう こと が 多い 
__label__negative, 弱虫 は 幸福 を さえ おそれる もの です 綿 で 怪我 を する ん です 幸福 に 傷つけ られる 事 も ある ん です 
__label__negative, 誰 ひとり 知る もの も い ない 人ごみ の 中 を かき分け て いく とき ほど 孤独 を 感ずる こと は ない 
__label__negative, 人間 は 自分 が 考える ほど 不幸 でも ない し それほど 幸福 で も ない 
__label__negative, 話 の 種 に なる より 悪い 事 が 一つ だけ ある 話 の 種 に も なら ない こと だ 
__label__negative, 人 が 私 に 同意 する 時 は いつ でも 自分 が 間違っ て いる よう な 気 が し て なら ない 
__label__negative, 富 は 海水 に 似 て いる 飲め ば 飲む ほど 渇く 名声 について も 同じ こと が 当てはまる 
__label__negative, 人間 は ちょっと 見る と 前 から 引か れ て いる よう だ が ほんとう は 後ろ から 押さ れ て いる の だ 
__label__negative, 幸福 とか 行い とか が いつかしら あっ た の か と 疑う 
__label__negative, 疑い へ 哲学 へ と 促さ れ 私たち は 到達 する 皮肉 の 第 一 段階 へ 
__label__negative, 幸福 を 追いかけ て いる 間 は おまえ は 幸福 で あり 得る だけ に 成熟 し て い ない 
__label__negative, 他人 の 悲劇 は 常に うんざり する ほど 月並み で ある 
__label__negative, 野望 と は 失敗 した 者 の 最後 の 逃げ場 所 で ある 
__label__negative, 関心 を 全然 もた ない ひと びと に は つねに 親切 で あり うる 
__label__negative, 結婚 と は まさしく 相互 の 誤解 に 基づく もの で ある 
__label__negative, 素顔 で 語る 時 人 は もっとも 本音 から 遠ざかる が 仮面 を 与えれ ば 真実 を 語り だす 
__label__negative, 人間 は みな 欲 の 病人 です 
__label__negative, 人間 の 本音 という の は 自分 の 願望 さえ 叶え ば どんな 残酷 な こと でも やってのける の です 
__label__negative, 世間 で いう 幸せ という の は ある 苦しみ が 一瞬 紛れ た 消え た よう に 見え た 状態 の こと を 言っ て いる の で あっ て 絶対 的 な 幸せ など という もの は どこ に も ない の です 
__label__negative, 人間関係 は なぜ これ ほど 難しい の か それ は 人間 に は もともと 社会性 が ない から です 
__label__negative, 人間 を 動かす つ の テコ は 恐怖 と 利益 で ある 
__label__negative, 頼る べき もの は 己 の 力 のみ 
__label__negative, 壮大 な 人物 は 耐え難い ほど 利己 的 で ある 
__label__negative, 年 を とっ た から 遊ば なく なる の で は なく 遊ば なく なる から 年 を とる の だ 
__label__negative, 青春 という の は 外部 は 輝い て いる が 内部 は 何 も 感じ られ ない 
__label__negative, 同情 さ れる と 自分 が 間違っ てる よう な 気 に なる 
__label__negative, 男 は 退屈 から 結婚 する 
__label__negative, 我々 は 幸福 に なる ため より も 他人 に 幸福 に 見せかける ため に 四苦八苦 し て いる 
__label__negative, 友情 の 多く は 見せかけ 恋 の 多く は 愚か さ で ある 
__label__negative, 皆 を 喜ばそ う として ごらん なさい 誰 も 喜ばす こと は でき ない でしょ う 
__label__negative, 人間 が 社交 する 理由 は 社交 を 愛し てる から では なく 孤独 が 恐ろしい から である 
__label__negative, 目的 の ない 生活 は 味気 なく 目的 の ある 生活 は 煩わしい 
__label__negative, 我々 が 誰か を 憎む とき 我々 は 彼 の 姿 を 借りて 自分 の 内部 に ある 何 か を 憎ん で いる の で ある 
__label__positive, 努める つとめる 力 と 書い て 努力 努 われる むくわ れる 力 と 書い て 努力 な ん だ だ から 努力 を 怠る な 
__label__positive, 今 という 誇らしい 時間 が ある から 自分 は 頑張れる 
__label__positive, 皆 人生 の 主人公 
__label__positive, バカ は 天才 の 始まり だ よ 
__label__positive, 勝つ ため だけ が 目的 じゃ ない 仲間 と 協力 し て どこ まで やれる か が 一番 の 目的 な ん じゃ ねえ の 
__label__positive, 明日 よい こと が ある と 思っ て ごらん 　 今 幸せ に なる よ 
__label__positive, そして 太陽 が 目 に は いる たとい 太陽 が 目 に はいら なく て も 太陽 の 存在 する こと を 知っ て いる 太陽 が 存在 する こと を 知っ て いる という こと が それ が すなわち 全 生命 な ん だ 
__label__positive, そして 太陽 が 目 に は いる たとい 太陽 が 目 に はいら なく て も 太陽 の 存在 する こと を 知っ て いる 太陽 が 存在 する こと を 知っ て いる という こと が それ が すなわち 全 生命 な ん だ 
__label__positive, 問題 は 時間 に ある の で は なく あなた 自身 に ある の です 太陽 に なり なさい そしたら みんな が あなた を 仰ぎ 見る でしょ う 
__label__positive, 元気 が 一番 元気 が あれ ば 何 でも できる 
__label__positive, どんなに 悔い て も 過去 は 変わら ない どれ ほど 心配 し た ところ で 未来 も どう なる もの で も ない いま 現在 に 最善 を 尽くす こと で ある 
__label__positive, 悩み に 負け て しまわ ず 自分 なり の 新しい 見方 解釈 を 見出し て その 悩み を 乗り越え て いく こと が 大切 で ある 
__label__positive, 悩ん で も 悩ま ない そういう よう に 感じる こと が できれ ば 人生 は 決して 心配 する こと は ない 
__label__positive, 人間 は 本来 働き たい もの 働く こと を じゃま し ない こと が 一番 うまい 人 の 使い方 で ある 
__label__positive, 万策 尽き た と 思う な 　 自ら 断崖絶壁 の 淵 に たて その 時 はじめて 新た なる 風 は 必ず 吹く 
__label__positive, 人 に は 燃える こと が 重要 だ 燃える ため に は 薪 が 必要 で ある 薪 は 悩み で ある 悩み が 人 を 成長 さ せる 
__label__positive, 卵 を 割ら なけれ ば オムレツ は 作れ ない 
__label__positive, 自ら を 助け ない もの を 救お う として も 無駄 だ ハシゴ を 自分 で 登る 意思 の ない もの を 他人 が 押し上げる こと でき ない 
__label__positive, 私 は 特別 な 人間 で は ない しいて 言え ば 普通 の 人 より ちょっと 努力 し た だけ だ 
__label__positive, 世の中 に 失敗 という もの は ない チャレンジ し て いる うち は 失敗 は ない あきらめ た 時 が 失敗 で ある 
__label__positive, 鳥 の よう に 自由 に 空 を 飛び たい なんて いう の は 勝手 だ けど 鳥 が 飛ぶ ため に は 何 万 回 翼 を 動かし て いる か よく 見 て ごらん 
__label__positive, 自信 を 持て ぼく は 世界一 だ と 
__label__positive, お前 の 中 の ストレス モンスター を ころし ちゃ ダメ もしか し たら そいつ は いつか 自分 を 助け て くれる ヒーロー かも しれ ない 
__label__positive, 夢中 に なっ て 走っ た ほう が 一生懸命 に 息 を 吸う ん だ よ 　 そしたら すん げ ー 楽しい から 
__label__positive, 恥さらし ながら 生き て いこ う 
__label__positive, よく 食べ よく 飲む こと それ は 決して つまら ぬ こと で は ない 打ち砕け 打ち砕け 浮か ぬ 顔 を し た 者共 の 食卓 を 
__label__positive, 友達 が いない しゃべれ ない これ は チャンス だ この 時期 に 一生懸命 勉強 し て いろんな こと 考え て 強く なっ て ください 
__label__positive, 男 は 生き様 で 勝負 
__label__positive, 想像 すれ ば 　 創造 できる 
__label__positive, つま ん ねぇ やつ に 自分 の 人生 つまんなく さ れる な 
__label__positive, 人 は 人 の 人間 から 生まれ てれ ば 人 で いる こと は 全く 寂しく ない 愛し合っ た 人 の 人間 から 生まれ た から 人 で いる の は 寂しい ん です 
__label__positive, 苦しい 峠 で も 必ず 下り 坂 に なる 
__label__positive, ｢ 私 の ほほえみ は “ 神さま の ポケット に 入っ た の だ ｣ と 考える 
__label__positive, 神 は 決して あなた の 力 に 余る 試練 を 与え ない 
__label__positive, 他 人任せ で は 幸せ は 得 られ ない 　 自分 が 光 と なっ て 世の中 を 照らそ う 
__label__positive, 神さま は 無 関心 で あっ た者 に こそ 　 愛 に 溢れ た 関心 を 寄せ て いる 
__label__positive, ていねい に 生きる と は 自分 に 与え られ た 試練 さえ も 両手 で いただく こと 
__label__positive, 何 も でき なく て いい ただ 笑顔 で いよ う 
__label__positive, ひと汗 かく こと は 適量 の プロザック や リタリン を 服用 する よう な もの 
__label__positive, 心配 ごと の は 取り越し苦労 だ 
__label__positive, あの とき の 　 あの 苦しみ も 　 あの とき の 　 あの 悲しみ も 　 みんな 肥料 に なっ た ん だ なぁ 　 じ ぶん が 自分 に なる ため に 
__label__positive, 少し くらい 嫌 な こと あっ た ほう が 酒のツマミ に なる なっ て 
__label__positive, だいじょうぶ 明日 に なれ ば 今日 は 昨日 
__label__positive, ユーモア を 失わ ない よう に 戦う の だ ユーモア の 欠如 は 愚の骨頂 だ 
__label__positive, 心 の 中 で 素晴らしい 考え を 育て なさい なぜ なら 自分 が 考え て いる 以上 に 素晴らしい 人間 に は なれ ない の だ から 
__label__positive, 自分 に は それ が でき ない と 言っ た 瞬間 から 可能性 の 道 は 閉ざさ れ て しまう 同じ 能力 の 持ち主 で も プラス思考 で 取り組ん だ 人 は うまく 行き マイナス思考 で 取り組ん だ 人 は うまく 行か ない まさに 人間 は 自分 が 考え た 通り の 結果 を 手 に する の で ある 
__label__positive, 人 が やれる の は やれる こと だけ だ それ を やる から こそ 夜 に 眠る こと が できる し 明日 また 続ける こと も できる 
__label__positive, 結局 の ところ 最悪 の 不幸 は 決して 起こら ない たいてい の 場合 不幸 を 予期 する から 悲惨 な 目 に あう の だ 
__label__positive, 食べ て いる うち に 食欲 は 起こる もの だ 
__label__positive, 今日 の 卵 を 得る より も 明日 の 鶏 を 得る ほう が よい 
__label__positive, 人生 で 最も 大切なこと は はるか 彼方 に ある もの を 見よ う と する こと で は なく 目 の 前 に はっきり 見える もの を きちんと 実行 する こと だ 
__label__positive, 何 か 不運 に 見舞わ れ そう に なっ たら 起こり 得る 最悪 の 事態 について 真剣 に 慎重 に 考え て みよ う この 起こり 得る 最悪 の 事態 を しっかり 見据え たら それ も 結局 大した 災難 で は ない と 思う ため の 理由 を 考え て みよ う その 理由 は 必ず ある もの だ 
__label__positive, 本当に 悪い 天気 なんて もの は ない ただ さまざま な 種類 の よい 天気 が ある だけ だ 
__label__positive, もしも あなた が どこ に 行く か 迷っ て い て も 道 が 導い て くれる 
__label__positive, 神様 は 私たち に 成功 し て ほしい なんて 思っ て い ませ ん ただ 挑戦 する こと を 望ん で いる だけ よ 
__label__positive, 人生 は 後ろ向き に しか 理解 でき ない が 前 を 向い て しか 生き られ ない 
__label__positive, 僕 は 人生 は 円 だ と 思っ て き まし た 朝 が あれ ば 昼 が あり 夜 が あっ て 朝 が くる 季節 で 言え ば 冬 が くれ ば 春 夏 秋 が き て これ は もう 止め よう が ありません 人間 も サイクル みたい な もの が あっ て 調子 が いい とき も あれ ば 悪い とき も ある 
__label__positive, ふま れ て も 　 ふま れ て も 　 我 は おきあがる なり 　 青空 を 見 て 微笑む なり 　 星 は 我 に 光 を あたえ 給う なり 
__label__positive, 生きる 日 の よろこび 悲しみ 一日 一日 が 新しい 彩り を もっ て 息づい て いる 
__label__positive, しあわせ は いつも 　 じ ぶん の こころ が きめる 
__label__positive, 自分 に 出来る こと を 全て やっ たら 結果 なんて 他人 に 任せ て しまい なさい 
__label__positive, 今 は ない もの について 考える とき で は ない 今 ある もの で 何 が できる か を 考える とき で ある 
__label__positive, どう やっ て 生きる か なんて ことは 誰 も 他人 に 教え られ ない よ それ は 自分自身 で 見つける もの だ 
__label__positive, 束縛 が ある から こそ 私 は 飛べる の だ 悲しみ が ある から こそ 私 は 高く 舞い 上がれる の だ 逆境 が ある から こそ 私 は 走れる の だ 涙 が ある から こそ 私 は 前 に 進める の だ 
__label__positive, 精神 にとって 休閑 期 は 種まき 時 と 同じ よう に 重要 だ 肉体 だって 耕作 し すぎ たら 疲れ て しまう 
__label__positive, いい です か 　 いくら のろく て も かまい ませ ん よ 　 たいせつ な こと は 　 いつ で も 前 を むい て 　 自分 の 道 を 歩く こと です よ 
__label__positive, どんなに 勉強 し 勤勉 で あっ て も 上手く いか ない こと も ある これ は 機 が まだ 熟し て い ない から である から ますます 自ら を 鼓舞 し て 耐え なけれ ば なら ない 
__label__positive, 夢 を 見る から 人生 は 輝く 
__label__positive, 人生 は 一枚 の 銀貨 の よう な もの だ それ を どう 使お う と 勝手 だ が 使える の は たった 一 度 きり で ある 
__label__positive, 悪いこと が 起こる の は われわれ の 身 に ふりかかる 最悪 の 事態 で は ない 最悪 の 事態 は 何 も 起こら ない こと で ある 
__label__positive, 賢い 人 は 徹底的 に 楽天家 で ある 
__label__positive, 人生 に は 解決 法なん か ない ん だ ある の は 前 に 進む 力 だけ だ 解決 法 は 後 から つい て くる もの さ 
__label__positive, 元気 を 出し なさい 今日 の 失敗 で は なく 明日 訪れる かも しれ ない 成功 について 考える の です 
__label__positive, 私 は 大事 な ショット を 外し た 後 の こと なんて 考え た こと が ない もし 考え た なら いつも 悪い 結果 を 思っ て しまう から さ 
__label__positive, 問題 は 未来 だ だから 私 は 過去 を 振り返ら ない 
__label__positive, 昔 を 振り返る の は ここ で やめ に しよう 大切 な の は 明日 何 が 起きる か だ 
__label__positive, 自分 に 能力 が ない なんて 決め て 引っ込ん で しまっ て は 駄目 だ なけれ ば なお いい 今 まで 世の中 で 能力 とか 才能 なんて 思わ れ て い た もの を 越え た 決意 の 凄み を 見せ て やる という つもり で やれ ば いい ん だ よ 
__label__positive, 人生 は 意義 ある 悲劇 だ それ で 美しい の だ 生き甲斐 が ある 
__label__positive, 下 を 向い て い たら 虹 を 見つける こと は 出来 ない よ 
__label__positive, 疲れ ちょ る と 思案 が どうしても 滅入る よう 寝 足る と 猛然と 自信 が わく 
__label__positive, 虹 を 見 たけれ ば ちょっと や そっと の 雨 は 我慢 し なく ちゃ 
__label__positive, 終着 点 は どう だって いい そこ へ 行く まで の 道のり が すべて よ 
__label__positive, 失敗 し た から って 何 な の だ 失敗 から 学び を 得 て また 挑戦 すれ ば いいじゃない か 
__label__positive, 神様 は 私たち に 成功 し て ほしい なんて 思っ て い ませ ん ただ 挑戦 する こと を 望ん で いる だけ よ 
__label__positive, 必要 な こと は ただ 一つ できる と 信じる こと だ 
__label__positive, 壁 という の は できる 人 に しか やってこ ない 超え られる 可能性 が ある 人 に しか やってこ ない だ から 壁 が ある時 は チャンス だ と 思っ て いる 
__label__positive, 数えきれない ほど 悔しい 思い を し て き た けれど その 度 に お袋 の 我慢 し なさい って 言葉 を 思い浮かべ て なんとか 笑っ て き た ん です 
__label__positive, 信じ て 投げ て 打た れる の は いい 信じ て 投げ て 打た れ た の なら それ は 結果 一番 いけ ない の は やる 前 から 打た れ たら どう しよう と 考える こと 
__label__positive, やる だけ の こと は やっ て 後 の こと は 心 の 中 で そっと 心配 し て おれ ば 良い で は ない か どうせ なる よう に しか なら ない よ 
__label__positive, 逃げ ない はればれ と 立ち向かう それ が ぼく の モットー だ 
__label__positive, 世界 に は きみ 以外 に は 誰 も 歩む こと の でき ない 唯一 の 道 が ある その道 は どこ に 行き着く の か と 問う て は なら ない ひたすら 進め 
__label__positive, 過去 ばかり 振り向い て い た の で は ダメ だ 自分 が これ まで 何 を し て これ まで に 誰 だっ た の か を 受け止め た 上 で それ を 捨てれ ば いい 
__label__positive, このまま 行け と 僕 の 中 の 僕 が 命じる ん だ 
__label__positive, 耐える 心 に 新た な 力 が 湧く もの だ 全て それ から である 心機一転 やり直せ ば よい の で ある 長い 人生 の 中 で そのため の 一年 や 二 年 の 遅れ は モノ の 数 で は ない 
__label__positive, 後ろ向き な やり方 で は とても 生き て は 行け ない よ 分かる かい 前向き に 進む ん だ 毎日 が 新しい 日 な ん だ から 
__label__positive, 地球 は 丸い 終わり に 見える 場所 は また 始まり に 過ぎ ない かも しれ ない 
__label__positive, 顔 を いつも 太陽 の ほう に むけ て い て 影 なんて 見 て いる こと は ない わ 
__label__positive, 人生 は いたっ て 単純 競争 なんて 本当は 存在 し ない し 勝た なきゃ いけ ない レース も ない 
__label__positive, あなた の 人生 を かわり に 生き て くれる 人 は い ない わ 
__label__positive, 希望 を 生かし 続け なさい 
__label__positive, 何より 大事 な の は 人生 を 楽しむ こと 幸せ を 感じる こと それだけ です 
__label__positive, 一人前 に なる に は 年 は かかる ん だ 功 を 焦る な 悲観 する な もっと 根 を 深く 張る ん だ 根 を 深く 張れ 
__label__positive, 人 の 世 に 道 は 一つ という こと は ない 道 は 百 も 千 も 万 も ある 
__label__positive, 楽し まずし て 何 の 人生 ぞ や 
__label__positive, ダメ あと ある やん 
__label__positive, 死ぬ より も 生き て いる 方 が よっぽど 辛い とき が 何度 も ある それでも なお 生き て いか ね ば なら ない し また 生きる 以上 は 努力 し なく て は なら ない 
__label__positive, 七転八倒 　 つま づい たり 転ん だり する ほう が 自然 な ん だ な 　 人間だもの 
__label__positive, 賢明 に そして ゆっくり と 速く 走る やつ は 転ぶ 
__label__positive, 毎日 毎日 の 試合 を 全力 で プレー し て それ を 積み重ね て いく しか ない そのため に は 一打席 一 打席 一 球 一 球 集中 し て プレー する しか ない 
__label__positive, 障害 は 不便 です が 不幸 で は ありません 
__label__positive, 奇跡 っていう の は 起こす から 価値 が ある の よ 
__label__positive, 迷っ たら ダメ な ん だ な 人生 の 答え なんて 考え た って 分かる もの じゃ ない ただ その とき その とき を ぎりぎり 一杯 生き て いる 奴 だけ に その 答え は 見え て くる ん じゃ ない だろ う か 
__label__positive, 限界 は いつか 来る だろ う 周り が 言う の は 仕方 ない が 自分 で 作っ て は いけ ない 
__label__positive, 成功 する に は 成功 する まで 決して 諦め ない こと だ 
__label__positive, ヒット を 打っ た 瞬間 自分 の 頭 の 中 で レベル が 上がっ た 音 が する ん です ドラゴンクエスト みたい に 
__label__positive, 私 は 回 に 回 は 失敗 する こと に 気づい た だから 倍 働い た 
__label__positive, 俺 たち は ポジティブ だ 俺 は ポジティブ な こと に 従事 し て いる 否定 的 な もの は 何 から 何 まで 完全 に 取り除き たい の だ ネガティブ は 出 て いけ おまえ の 口 から つい て でる 言葉 が おまえ を 生かす の だ おまえ の 口 から つい て でる 言葉 が おまえ を 殺す の だ 
__label__positive, なくし た もの を とりもどす こと は でき ない けど 忘れ て た もの なら 思い出せ ます よ ね 
__label__positive, 幸せ を 数え たら あなた は すぐ 幸せ に なれる 
__label__positive, 自分自身 を 愛すること は 一 生涯 続く ロマンス を 始める こと で ある 
__label__positive, 弱気 は 相手 を 強気 に さ せる 弱気 は 強気 に 押し切ら れる 強気 は 弱気 を 制し て いく 強気 は 強気 を 押し退ける 
__label__positive, 人生 の バッターボックス に 立っ たら 見送り の 三振 だけ は する な よ 
__label__positive, 人間 は 努力 する 限り 迷う もの だ 
__label__positive, われら の 最大 の 栄光 は 一 度 も 失敗 し ない こと で は なく 倒れる ごと に 起きる こと に ある 
__label__positive, クール の レギュラー より も 回 の 伝説 
__label__positive, 月 を 取り に 行け たとえ 取り 損ね て も そこ から 星 を 目指す こと が できる 
__label__positive, あなた も この世 に 望ま れ て 生まれ て き た 大切な人 な の です よ 
__label__positive, 最後 まで 希望 を すて ちゃ いかん あきらめ たら そこで 試合終了 だ よ 
__label__positive, 僕 が 知っ て いる ドーピング は ただ ひとつ 努力 だけ です 
__label__positive, 花 が 咲こ う と 咲く まい と 生き てる こと が 花 な ん だ 
__label__positive, 大 偉業 を 成し遂げ させる もの は 体力 で は ない 耐久 力 で ある 元気いっぱい に 日 時間 歩け ば 年 後 に は 地球 を 一周 できる ほど で ある 
__label__positive, もし 人生 が 二回 あれ ば お母さん の 言う とおり 高校 へ 行く けど 一 回 しか ない ん だ から 自分 の 好き に さ せ て ください 
__label__positive, 笑わ れ て 笑わ れ て 強く なる ん だ よ 
__label__positive, お先真っ暗 という の は すげ ー 前向き な 言葉 だ よ 真っ暗 な ん だ よ どこ が いけ ない ん だ よ そん 中 に すっ げ ー 誰 も 見 た こと が ない どんなに 勉強 し た って わ かりっ こ ない 素晴らしい もの が 隠れ てる かも しん ない 真っ暗 って こと は いい ね え みんな 平等 で 
__label__positive, 人生 は 一 度 きり だ から 生まれ変わる なら 生き て いる うち に 
__label__positive, こけ たら 立ち な はれ 
__label__positive, 思考 に 気 を つけ なさい それ は いつか 言葉 に なる から 言葉 に 気 を つけ なさい それ は いつか 行動 に なる から 行動 に 気 を つけ なさい それ は いつか 習慣 に なる から 習慣 に 気 を つけ なさい それ は いつか 性格 に なる から 性格 に 気 を つけ なさい それ は いつか 運命 に なる から 
__label__positive, 私 も 常に 自信 と コンプレックス の 狭間 に い ます けれども それ は 他人 と 自分 と を 比較 する こと で 生じる もの で は なく 自分 の 中 の 理想 と の 関係 による もの で しか あり ませ ん 
__label__positive, 私 の ライバル は 昨日 の 自分 です 
__label__positive, 顔 の 悪い の が なんで 悪い ん だ 
__label__positive, トマト が メロン に なろ う と する から 不安 な ん です 
__label__positive, 人間 の 値打ち という の は どこ に ある の でしょ う か それ は ほか に 似 た 人 が いない という こと です 何 を し た から 値打ち が ある とか 何 か を しない から 値打ち が ない とかいう こと で は ありません たった ひとり の 自分 だ から 値打ち が ある と 考えれ ば いい 
__label__positive, 他人 に 憧れ を 持ち すぎ て 自分 の 可能性 を 潰し て しまう 人 は たくさん い ます 自分 の 持っ て いる 能力 を 活かす こと が できれ ば 可能性 が 広がる と 思い ます 
__label__positive, 人 の 弱点 を 見つける 天才 より も 人 を 褒める 天才 が いい 
__label__positive, 自分 の こと を 一番 好き に なる の は 周囲 の 人 を 好き で い られる 時 で ある 
__label__positive, 人 の 目 を 気 に し て 生きる なんて くだらない 事 さ 
__label__positive, 自分自身 を 信じ ない 者 は かならず 嘘 を つく 
__label__positive, 俺 なら できる 
__label__positive, 人 を 信じよ しかし その 百倍 も 自ら を 信じよ 
__label__positive, だれ に だって ある ん だ よ ひと に は いえ ない くるしみ が だれ に だって ある ん だ よ ひと ひはい え ない かなしみ が ただ 　 だまっ て いる だけ な ん だ よ いえ ば ぐち に なる から 
__label__positive, 自分 と 大して 知能 の 違わ ない 普通 の 出来 の 人間 で さえ 難問題 を 解決 し た 者 が 数え切れ ない ほど いる のに 自分 に でき ない こと が ある もの か 
__label__positive, 苦しい か 修造 笑え 
__label__positive, 心 は 天国 を 作り出す こと も 地獄 を 作り出す こと も できる 
__label__positive, それ は 失敗 じゃなくて その 方法 で は うまく いか ない こと が わかっ た ん だ から 成功 な ん だ よ 
__label__positive, キモイ って 言える って こと は 注目 し て おれ を 見 てる って こと だ ね 
__label__positive, どんな 出来事 も 良い 面 と 悪い 面 が ある から 冷静 に 両方 を 考え て みる どんな 悲しい 出来事 に も 絶対 に プラス ポイント が ある から そこ を 見つけ て いく って こと です ね 
__label__positive, 勝負 を し ない 奴 に は 勝ち も 負け も ない と 思っ てる ん だろ でも それ は 間違い だ 勝負 でき ない 奴 は もう 負け てる ん だ よ 
__label__positive, 一 度 も 失敗 を し た こと が ない 人 は 何 も 新しい こと に 挑戦 し た こと が ない 人 で ある 
__label__positive, 人生 における 最大 の 失敗 は 失敗 する かも しれ ない と 恐れ 続ける こと で ある 
__label__positive, 変え られ ない こと に 執着 する の は エネルギー の 無駄遣い です 変え られ ない 中 で どう する べき か を 考え ましょ う 
__label__positive, ある 問題 が 解決 可能 で あり それ について あなた が 何 か を 行動 できる の で あれ ば 心配 する 必要 は ない 問題 が 解決 でき ない もの で ある なら 心配 し て も しかた が ない な ん で あれ 心配 から 得 られる もの は ない 
__label__positive, 大丈夫 大丈夫 いつか は ここ を 抜ける 日 が やってくる 
__label__positive, 大丈夫 だ 心配 する な なんとかなる 
__label__positive, 不安 は ロッキング チェアー の よう な もの だ 何 か する こと は 与え て くれる が どこ へ も 連れ て 行っ て くれ ない 
__label__positive, 世間 で 言う よう な 魅力 だけ を 魅力 ある もの と 考える から あなた から あなた の 魅力 が 失わ れ て いく の です 
__label__positive, 不安 なんて 嘘 な ん だ よ 妄想 な の 
